"","Qmbar","SE","WaldT","df","p","lowerCI","upperCI"
"Intercept",0.0863613710226476,0.0272339953906879,3.17108708376213,25.3733848347186,0.00394292702968579,0.0398681845773758,0.132854557467919
"FMR",0.0224983062745687,0.0664807333281437,0.338418443182912,25.3733848347186,0.737832288912943,-0.0909959161229518,0.135992528672089
"Body Size",0.887854690582339,0.0593413464789366,14.9618224604574,25.3733848347186,4.2632564145606e-14,0.786548648403083,0.989160732761594
"FMR : Body Size",-0.0508713734248607,0.0593751989580821,-0.856778155148164,25.3733848347186,0.399587348044337,-0.152235207698224,0.0504924608485023
