"","Qmbar","SE","WaldT","df","p","lowerCI","upperCI"
"Intercept",-2.16776838434441,0.248956149835963,-8.70743054860366,20.0150609961872,3.05399925348837e-08,-2.59713192400027,-1.73840484468856
"Body Size",0.563189614799076,0.0171507971143479,32.8375183406448,20.0150609961872,0,0.533610401906412,0.592768827691739
"Weaning Age",0.0303447659145369,0.0391791009638837,0.774514094708542,20.0150609961872,0.447680325783425,-0.0372256776413714,0.0979152094704453
"Litter Size",-0.0860216514951827,0.0520251841670534,-1.65346173920243,20.0150609961872,0.113836810064095,-0.175747160344561,0.00370385735419546
