"","Qmbar","SE","WaldT","df","p","lowerCI","upperCI"
"Intercept",0.109403534396627,0.0292724930698218,3.7374177230369,28.2197417295628,0.000838032576396586,0.0596204490777507,0.159186619715503
"Body Size",0.851626312152962,0.0244917911577148,34.7719081331748,28.2197417295628,0,0.809973661457706,0.893278962848219
"Weaning Age",0.00451255149735212,0.0256887238682049,0.175662735155845,28.2197417295628,0.861813357404967,-0.0391756963404219,0.0482007993351261
"Litter Size",-0.0335297035180952,0.0221670619769205,-1.51259122895966,28.2197417295628,0.141503057599386,-0.0712287384118309,0.00416933137564051
