"","Qmbar","SE","WaldT","df","p","lowerCI","upperCI"
"Intercept",0.0927653506378116,0.028177277973282,3.29220412013441,16.3983110431022,0.00447226023245273,0.0436442827047711,0.141886418570852
"Play -2",0.0094109183738458,0.0261693340354513,0.35961627304298,16.3983110431022,0.723723400664575,-0.0362097280255944,0.055031564773286
"Play - 3",0.00448204835614723,0.0231083234442056,0.193958179915951,16.3983110431022,0.848590959564189,-0.0358023796428176,0.0447664763551121
"Body Size",0.854977891643549,0.0306227564518349,27.91969080211,16.3983110431022,2.88657986402541e-15,0.801593654124444,0.908362129162654
"Play - 2:Body Size",-0.00368524613509298,0.0448499727448056,-0.0821683026668014,16.3983110431022,0.935507494577296,-0.0818715975662565,0.0745011052960706
"Play - 3:Body Size",0.00684241377906475,0.0322074530087857,0.212448149103819,16.3983110431022,0.834375794289434,-0.049304403833868,0.0629892313919976
